Workbook

Sheet players
A1: player_id | B1: player_name | C1: nba_team | D1: position | E1: pts | F1: trb | G1: ast | H1: stl | I1: blk | J1: three_p | K1: tov | L1: status | M1: fantasy_value
A2: 1 | B2: Nikola Jokić | D2: C | E2: 27.7 | F2: 12.9 | G2: 10.7 | H2: 1.4 | I2: 0.8 | J2: 1.7 | K2: 3.7
A3: 2 | B3: Karl-Anthony Towns | D3: C | E3: 20.1 | F3: 11.9 | G3: 3 | H3: 0.9 | I3: 0.5 | J3: 1.5 | K3: 2.5
A4: 3 | B4: Donovan Clingan | D4: C | E4: 12.1 | F4: 11.6 | G4: 2.1 | H4: 0.6 | I4: 1.7 | J4: 1.1 | K4: 1.2
A5: 4 | B5: Victor Wembanyama | D5: C | E5: 25 | F5: 11.5 | G5: 3.1 | H5: 1 | I5: 3.1 | J5: 1.9 | K5: 2.4
A6: 5 | B6: Rudy Gobert | D6: C | E6: 10.9 | F6: 11.5 | G6: 1.7 | H6: 0.8 | I6: 1.6 | J6: 0 | K6: 1.4
A7: 6 | B7: Domantas Sabonis | D7: C | E7: 15.8 | F7: 11.4 | G7: 4.1 | H7: 0.9 | I7: 0.2 | J7: 0.3 | K7: 2.7
A8: 7 | B8: Anthony Davis | D8: PF | E8: 20.4 | F8: 11.1 | G8: 2.8 | H8: 1.1 | I8: 1.7 | J8: 0.5 | K8: 2.1
A9: 8 | B9: Zach Edey | D9: C | E9: 13.6 | F9: 11.1 | G9: 1.1 | H9: 0.6 | I9: 1.9 | J9: 0.1 | K9: 2.4
A10: 9 | B10: Walker Kessler | D10: C | E10: 14.4 | F10: 10.8 | G10: 3 | H10: 1.4 | I10: 1.8 | J10: 1.2 | K10: 3.2
A11: 10 | B11: Ivica Zubac | D11: C | E11: 14.1 | F11: 10.6 | G11: 2.2 | H11: 0.4 | I11: 0.8 | J11: 0 | K11: 1.8
A12: 11 | B12: Jalen Duren | D12: C | E12: 19.5 | F12: 10.5 | G12: 2 | H12: 0.8 | I12: 0.8 | J12: 0 | K12: 1.9
A13: 12 | B13: Julian Reese | D13: PF | E13: 11.8 | F13: 10.5 | G13: 1.8 | H13: 1.4 | I13: 0.6 | J13: 0 | K13: 2.5
... A416: 415 | B416: Noah Essengue | D416: PF | E416: 0 | F416: 0 | G416: 0 | H416: 0 | I416: 0 | J416: 0 | K416: 0

Sheet teams
A1: team_id | B1: team_name | C1: manager_name | D1: pts_avg | E1: trb_avg | F1: ast_avg | G1: stl_avg | H1: blk_avg | I1: three_p_avg | J1: tov_avg | K1: matchup_win_avg
A2: 1 | B2: Alabama Black Bears
A3: 2 | B3: Franca Celtics
A4: 3 | B4: Guarulhos Nuggets
A5: 4 | B5: Itajubá Rabbits
A6: 5 | B6: Kaipiras da Gema
A7: 6 | B7: Miami Barons
A8: 7 | B8: Montreal Turtles
A9: 8 | B9: New Orleans Dancers
A10: 9 | B10: Osasco Heat
A11: 10 | B11: Pelotas Vikings
A12: 11 | B12: Pernambuco Pharynx
A13: 12 | B13: Recife Black Diamond
... A15: 14 | B15: Tchêltics da Peleia

Sheet lineup_active
A1: team_id | B1: player_id | C1: slot | D1: is_active | E1: scenario_id
A2: 7 | B2: 7 | C2: PF | D2: 1
A3: 7 | B3: 20 | C3: C | D3: 1
A4: 7 | B4: 88 | C4: SF | D4: 1
A5: 7 | B5: 247 | C5: PG | D5: 1
A6: 7 | B6: 40 | C6: UTIL | D6: 1
A7: 7 | B7: 102 | C7: SG | D7: 1
A8: 1 | B8: 39 | C8: C | D8: 1
A9: 1 | B9: 78 | C9: PF | D9: 1
A10: 1 | B10: 128 | C10: SG | D10: 1
A11: 1 | B11: 176 | C11: PG | D11: 1
A12: 1 | B12: 181 | C12: UTIL | D12: 1
A13: 1 | B13: 205 | C13: SF | D13: 1
... A85: 14 | B85: 145 | C85: PG | D85: 1

Sheet roster
A1: team_id | B1: player_id | C1: roster_order | D1: salarie_26_27 | E1: option_26_27 | F1: salarie_27_28 | G1: option_27_28 | H1: salarie_28_29 | I1: option_28_29 | J1: salarie_29_30 | K1: option_29_30 | L1: Jogador
A2: 7 | B2: 204 | C2: 1 | L2: =VLOOKUP(B2,players!A:B,2) -> Anthony Black
A3: 7 | B3: 196 | C3: 2 | D3: 1000000 | L3: =VLOOKUP(B3,players!A:B,2) -> Jalen Suggs
A4: 7 | B4: 147 | C4: 3 | L4: =VLOOKUP(B4,players!A:B,2) -> Christian Braun
A5: 7 | B5: 130 | C5: 4 | D5: 1000000 | L5: =VLOOKUP(B5,players!A:B,2) -> Kelly Oubre Jr.
A6: 7 | B6: 50 | C6: 5 | D6: 3000000 | L6: =VLOOKUP(B6,players!A:B,2) -> P.J. Washington
A7: 7 | B7: 51 | C7: 6 | D7: 1000000 | L7: =VLOOKUP(B7,players!A:B,2) -> Jakob Poeltl
A8: 7 | B8: 178 | C8: 7 | D8: 1000000 | L8: =VLOOKUP(B8,players!A:B,2) -> De'Andre Hunter
A9: 7 | B9: 7 | C9: 8 | L9: =VLOOKUP(B9,players!A:B,2) -> Anthony Davis
A10: 7 | B10: 20 | C10: 9 | D10: 1000000 | F10: 1000000 | G10: Sim | L10: =VLOOKUP(B10,players!A:B,2) -> Kel'el Ware
A11: 7 | B11: 88 | C11: 10 | D11: 6500000 | L11: =VLOOKUP(B11,players!A:B,2) -> Ausar Thompson
A12: 7 | B12: 247 | C12: 11 | D12: 13000000 | F12: 13000000 | H12: 13000000 | L12: =VLOOKUP(B12,players!A:B,2) -> Ja Morant
A13: 7 | B13: 40 | C13: 12 | D13: 29500000 | F13: 29500000 | H13: 29500000 | L13: =VLOOKUP(B13,players!A:B,2) -> Scottie Barnes
A14: 7 | B14: 102 | C14: 13 | D14: 23000000 | L14: =VLOOKUP(B14,players!A:B,2) -> Dejounte Murray
A15: 7 | B15: 158 | C15: 14 | D15: 15000000 | L15: =VLOOKUP(B15,players!A:B,2) -> Kyle Kuzma
A16: 1 | B16: 324 | C16: 1 | L16: =VLOOKUP(B16,players!A:B,2) -> Jaden Ivey
A17: 1 | B17: 314 | C17: 2 | L17: =VLOOKUP(B17,players!A:B,2) -> Bogdan Bogdanović
A18: 1 | B18: 172 | C18: 3 | L18: =VLOOKUP(B18,players!A:B,2) -> Ace Bailey
A19: 1 | B19: 146 | C19: 4 | L19: =VLOOKUP(B19,players!A:B,2) -> Andrew Wiggins
A20: 1 | B20: 180 | C20: 5 | L20: =VLOOKUP(B20,players!A:B,2) -> Noah Clowney
A21: 1 | B21: 355 | C21: 6 | L21: =VLOOKUP(B21,players!A:B,2) -> Asa Newell
A22: 1 | B22: 39 | C22: 7 | L22: =VLOOKUP(B22,players!A:B,2) -> Onyeka Okongwu
A23: 1 | B23: 78 | C23: 8 | L23: =VLOOKUP(B23,players!A:B,2) -> Matas Buzelis
A24: 1 | B24: 128 | C24: 9 | L24: =VLOOKUP(B24,players!A:B,2) -> Anthony Edwards
A25: 1 | B25: 176 | C25: 10 | L25: =VLOOKUP(B25,players!A:B,2) -> Tyrese Maxey
A26: 1 | B26: 181 | C26: 11 | L26: =VLOOKUP(B26,players!A:B,2) -> Donte DiVincenzo
A27: 1 | B27: 205 | C27: 12 | L27: =VLOOKUP(B27,players!A:B,2) -> Mikal Bridges
... A164: 14 | B164: 145 | C164: 12 | L164: =VLOOKUP(B164,players!A:B,2) -> LaMelo Ball

Sheet development
A1: team_id | B1: player_id | C1: roster_order | D1: salarie_26_27 | E1: option_26_27 | F1: salarie_27_28 | G1: option_27_28 | H1: salarie_28_29 | I1: option_28_29 | J1: salarie_29_30 | K1: option_29_30
A2: 7 | B2: 370 | C2: 1 | D2: 3600000 | F2: 3900000 | G2: Sim
A3: 7 | B3: 214 | C3: 2 | D3: 1000000 | F3: 1000000 | G3: Sim
A4: 1 | B4: 319 | C4: 1 | D4: 1000000 | F4: 1000000 | G4: Sim
A5: 1 | B5: 99 | C5: 2 | D5: 1000000 | F5: 1000000 | G5: Sim | H5: 1000000 | I5: Sim
A6: 1 | B6: 207 | C6: 3 | D6: 8250000 | F6: 9000000 | G6: Sim
A7: 2 | B7: 375 | C7: 1 | D7: 3900000
A8: 2 | B8: 365 | C8: 2 | D8: 1000000 | F8: 1000000 | G8: Sim | H8: 1000000 | I8: Sim
A9: 2 | B9: 407 | C9: 3 | D9: 1000000 | F9: 1000000 | G9: Sim
A10: 3 | B10: 377 | C10: 1 | D10: 1000000 | F10: 1000000 | G10: Sim | H10: 1000000 | I10: Sim
A11: 3 | B11: 408 | C11: 2 | D11: 3400000 | F11: 3700000 | G11: Sim
A12: 5 | B12: 305 | C12: 1 | D12: 6500000 | F12: 7000000 | G12: Sim | H12: 7500000 | I12: Sim
A13: 5 | B13: 262 | C13: 2 | D13: 1000000 | F13: 1000000 | G13: Sim | H13: 1000000 | I13: Sim
A14: 5 | B14: 274 | C14: 3 | D14: 1000000 | F14: 1000000 | G14: Sim | H14: 1000000 | I14: Sim
A15: 5 | B15: 409 | C15: 4 | D15: 4000000 | F15: 4200000 | G15: Sim | H15: 4500000 | I15: Sim
A16: 6 | B16: 192 | C16: 1 | D16: 3200000 | F16: 3500000 | G16: Sim
A17: 8 | B17: 47 | C17: 1 | D17: 1000000 | F17: 1000000 | G17: Sim
A18: 9 | B18: 108 | C18: 1 | D18: 5000000 | F18: 5500000 | G18: Sim | H18: 6000000 | I18: Sim
A19: 9 | B19: 123 | C19: 2 | D19: 1000000 | F19: 1000000 | G19: Sim
A20: 9 | B20: 410 | C20: 3 | D20: 1000000 | F20: 1000000 | G20: Sim
A21: 10 | B21: 297 | C21: 1 | D21: 5500000 | F21: 6000000 | G21: Sim | H21: 6500000 | I21: Sim
A22: 10 | B22: 313 | C22: 2 | D22: 1000000 | F22: 1000000
A23: 10 | B23: 300 | C23: 3 | D23: 6000000
A24: 10 | B24: 411 | C24: 4 | D24: 1000000 | F24: 1000000 | G24: Sim | H24: 1000000 | I24: Sim
A25: 11 | B25: 412 | C25: 1 | D25: 3200000 | F25: 3500000 | G25: Sim
A26: 11 | B26: 413 | C26: 2 | D26: 3300000
A27: 11 | B27: 189 | C27: 3 | D27: 6000000
A28: 13 | B28: 252 | C28: 1 | D28: 1000000 | F28: 1000000 | G28: Sim
A29: 13 | B29: 414 | C29: 2 | D29: 3600000 | F29: 3800000 | G29: Sim | H29: 4100000 | I29: Sim
A30: 13 | B30: 241 | C30: 3 | D30: 8500000 | F30: 9250000 | G30: Sim | H30: 10000000 | I30: Sim
A31: 14 | B31: 273 | C31: 1 | D31: 3200000 | F31: 3500000
A32: 14 | B32: 259 | C32: 2 | D32: 1000000
A33: 14 | B33: 415 | C33: 3 | D33: 3800000 | F33: 4000000 | G33: Sim | H33: 4200000 | I33: Sim

Sheet picks
A1: pick_id | B1: original_team_pick_id | C1: round | D1: year | E1: current_team_owner_id
A2: P2026_R1_T07 | B2: 7 | C2: 1 | D2: 2026 | E2: 4

Sheet fines
A1: team_id | B1: fine_26_27 | C1: fine_27_28 | D1: fine_28_29 | E1: fine_29_30 | F1: notes

Sheet transactions
A1: transaction_id | B1: transaction_type | C1: transaction_date | D1: season | E1: from_team_id | F1: to_team_id | G1: initiated_by | H1: status | I1: notes

Sheet transaction_items
A1: transaction_id | B1: item_id | C1: item_type | D1: asset_id | E1: from_team_id | F1: to_team_id | G1: from_roster_type | H1: to_roster_type | I1: effective_season | J1: item_notes
